"path","size_bytes","sha256"
".gitignore","164","81A9DCD93F02C9FEFA04C352F1BC5E64C261D5E4757502F862C9729686B1A08D"
"CHANGED_FILES_20260813.csv","2658","423D3756907C38A06B49D45A74C8FBE65687D2F0388A1DE89F5F3F3B001775E5"
"deployment/server/apply_v0.8.1_update.sh","2866","618CDEEF99EE9D8638F5D859BB6B099E539A35373B210A8B75197AB4A432C94F"
"deployment/server/backup_state.sh","1043","E34791005AA2D09A9480FA3B56A4F50FC3C8ADE88D8670E228FC00029C9838EF"
"deployment/server/Caddyfile.example","263","25C4C8156E10C1954B63446188A0F857E8B6C8570E2456272F34EA00AD5A768B"
"deployment/server/cardscope.env.example","112","CF745033E75D1B7B8B6AD88A97DAC07FB6C6DDEF64102152432ABF0FCCA51A71"
"deployment/server/cardscope.service.template","885","0332C992A6B180FE0FEDF5474C0B29CDCDFADE30967D877A52CCF2D6B871ECE2"
"deployment/server/finalize_migration.sh","1354","994C04BC6CD0127014DD8B743E0EAE80D8259926F80D709442FBF1AFD5BBD97F"
"deployment/server/install_ubuntu.sh","3046","49E876F3B92D80DA024047D4CC15678A240069942A285A9EE0F001898D946238"
"deployment/server/README_щГич╜▓хРМхнжхЕИшп╗.md","5157","D9326214B6490D0C65538A14A0415638FB6FCB64F1D46F752D04C612B03C640E"
"deployment/server/update_release.sh","2115","04ECC0C778C49E05A0AAB904D518CA440E27EC9D10A5ED61A79A7866ABE1B7E4"
"deployment/server/Windows_ф╕Кф╝ахОЖхП▓цХ░цНохИ░цЬНхКбхЩи.ps1","1790","FF710B4C3D53E151FCBC8943773CD40E630F523AE3A46EA8957FD1FE177E260D"
"deployment/server/щГич╜▓ф┐бцБпшби_шп╖щГич╜▓хРМхнжхблхЖЩ.md","997","AA20A082960567C321978F89FE9419228E636413AF8599306588C10F13EE737A"
"DEPLOYMENT_CHANGESET_20260813.txt","2169","507A13F2921C0A04339E3A97CA89B1F6C8B6DC66FE49033D3F8ABABD76926D2C"
"docs/superpowers/specs/2026-07-30-v07-platform-consolidation-design.md","5118","06B2190AEFE02D00C3268695FF69DEBFB9B2A5415FE01CE17C84BBF27BEB43D2"
"ml_backend/boundary_quality_guard.py","6596","8152D49062803A6CDBA48F7BE20B415CF5E220E20A0652C56C09605FD4902495"
"ml_backend/card_quality_processor/__init__.py","989","B36AC8C93AA3C712E65FB4F8B3033290F14B27D6D0D4AA7900DA4347B4412DEC"
"ml_backend/card_quality_processor/__main__.py","80","3D2438AE92F4746E9FFAA1F837B1FE803F6281091D1F31F8C95643716F257D9A"
"ml_backend/card_quality_processor/cli.py","5397","18546E1EB09387F5D74921C0FBF566336C791B30A9ED0FADB67D9248BC27CF8A"
"ml_backend/card_quality_processor/config.py","4925","61DEFE8E83C4C25B8ADB399134B506CB3585214A411697F54DACDB1EE3455D9B"
"ml_backend/card_quality_processor/io_utils.py","1594","B4012C5BE0E707E2C848C17BB7EF37396A830A4D9498EF48F02DAC50D82A8875"
"ml_backend/card_quality_processor/outer_detection.py","25721","CA97AEEB8BA666FCC4E3BE3B142715A0B47C30A846D339E34E9750C606158917"
"ml_backend/card_quality_processor/outer_edge_refinement.py","18914","03339260B29D7AC8BF4410A446A745D07785015E8C5AE59AF6E713F93128ED29"
"ml_backend/card_quality_processor/outer_line_gate.json","849","0199ACA6B737DCD54032CEC9900EAB28391A811B0DA998EDA897D25D3904BAD1"
"ml_backend/card_quality_processor/outer_line_refiner.py","21057","5ACB9CB8D39C4779DD05B3A6C9DEF92542F7375D78A2E09C3F528743328DBB20"
"ml_backend/card_quality_processor/outer_photometric_rescue.py","6597","A85B4648FF5E717EBA078BA7430822B46F6ED9B4AAC283971D73D52CB5EC8CB9"
"ml_backend/card_quality_processor/outer_pipeline.py","7013","0736A2217CF48FF12D322BFB9A8AD0AE5EF9C5F60C5226FEB4EE3D4E017119DE"
"ml_backend/card_quality_processor/outer_pose_detection.py","33228","D9F20C1428EA06811E716E89028B51109BCC0DB5AC2E73E7C296561690316727"
"ml_backend/card_quality_processor/outer_pose_pipeline.py","7506","D9CF07F38567C2E0D6CED4DABA8FC3BBD3D2FFFC7A49C1E5695DAAF6965222F2"
"ml_backend/card_quality_processor/outer_shadow_risk.py","7103","8D43A070BF96771C81D9D73137716EBB15DD690D415029EBB3FB6C4BDC438490"
"ml_backend/card_quality_processor/outer_silhouette.py","6834","C1C9DDC5807ECA93E90D49B1EF298BF30E493BB03F8A98347D8BEFC4E2B290E4"
"ml_backend/card_quality_processor/rectification.py","5049","A23B70E571521E1B62AF997F44F30304BD907787A419D19FF167FA2B60F4450D"
"ml_backend/card_quality_processor/visualization.py","5531","49FA413C58A10F0DB5835234474A6FBF88460D72D5088B4A9B7F0EF2C60FADB1"
"ml_backend/configs/default_config.yaml","2333","B32641306C51BE178B829E771CDCFA2DB3F9726E0DAA25362A006B33A741E23D"
"ml_backend/export_feedback.py","2870","7E7C9C25B3524C264A7528AE2953546ECDD829639DD2FB8E10F46DA95212D5E1"
"ml_backend/feedback.py","16222","4AF444D542E26BA9E2688E0FBA0619D105DD0A769AB354EF4466A1ADC17E8CC6"
"ml_backend/feedback_dataset.py","13491","4FD867448D699AA03A2A13A90F30A391B14702E02CBA719D6828111A832A8D1A"
"ml_backend/feedback_schema.json","3501","51AB8D230D70CC38B9472A89219DFA45B6221E2C4BF47E469F3D4E3A0CEEC598"
"ml_backend/inner_frame/__init__.py","69","FBA8F4EE9A392EB6FE4DBE41AAA686C5B03F836466FEF7BEBA7D0178CA1A76A8"
"ml_backend/inner_frame/calibrate_inner_frame_box.py","1379","DECF2FEE422F0B3EEED41C1B50943CDC57993CDAFAECB320CBE15C96D9988C28"
"ml_backend/inner_frame/edge_refiner.py","21289","AEB3AE5CD08BBCFD2589B67C1C8602F4FF6F8C3FAE324F449D26CF237316375E"
"ml_backend/inner_frame/gate.json","425","88209F196295E2528FD4BB4E808390795013FF28ABA187327D89AF50CCDC9788"
"ml_backend/inner_frame/global_boundary_hypothesis.py","9567","FC76AF84321B78717B26EC29A9E8CEFFC5B3156B0FD6BF5908B988DACBC33447"
"ml_backend/inner_frame/predict_corrected_v4.py","7652","CB7428A1F0C95DB6E4ED887440130A92558DFABC71D6542D07ADB62D45720274"
"ml_backend/inner_frame/stabilize_inner_frame_box.py","10040","2CC40AB13AE7A1E8EBEF6AEDE5B28942A69709645AA25078DFE704A1FE0ADF62"
"ml_backend/model_manifest.json","5931","DAFA7C2F84F778D1553AC6F3CFFD3E5B12DABB85C92D6EB51436519650EDDFF3"
"ml_backend/models/inner_frame_edge_refiner_top_left.pt","2062001","BF04FCE3FC9B425DD9727C4D31C30DF9E3B8C6EE85A72042230EDF94D2E94C3E"
"ml_backend/models/inner_frame_edge_refiner_v4_candidate.pt","2061873","94D720B1DE6916BBEF165DF172AAF2355444633DD7F2288847752B01EE1A776F"
"ml_backend/models/inner_frame_edge_refiner_v5_candidate.pt","3058393","9BAC1AD8F8FD5474A24A8E8A3DA139DBAC93D846338C260581ACFDD785ABA4F9"
"ml_backend/models/inner_frame_yolo_v3_base_candidate.pt","94837474","153E8EA09E3145D7642C232780274AE7442A3236EEF02A88963DB467CA857AB6"
"ml_backend/models/outer_line_refiner_v1.pt","3058457","70E713D423E58CC211CE19CBFCC483373A4F0F98CEF550F689EB2AB29B3C412D"
"ml_backend/models/outer_pose.pt","5650599","4240E09D774E4158E23BD38FD96BC5C0A3FB030DC3D522477B577B8C413F286F"
"ml_backend/models/outer_seg.pt","23862772","BF40A329AB957C293DD10868706BBD9E059A4CE61A6CFDEC3E482DF9CD585D7A"
"ml_backend/models/outer_seg_pre_frame2.pt","23858805","295C639D36BB12A936EEB9A5D4ED9D6D606E3252177E02BE0A4D0DADCCCFC292"
"ml_backend/prepare_feedback_training.py","1318","A5FF62EB49ACF1CD55A81FAD90F5DA4305131F8DCDCF374FC267762FA2C35FBD"
"ml_backend/ptcg_inference.py","37149","0B0F70559EE2ECD60640E2E60A99CD7365799BE96C1A45E99B559D8861227E07"
"ml_backend/run_pipeline.py","846","4F5263EA92D947FCBB32420F8F9D8799AC4F09F7687E6B4D695B9A15E0C4CC28"
"ml_backend/training/data/inner_frame_seg/data.example.yaml","86","24002A2FCB732E32D3425D45CA6449990CF67CD365745DB0EAEF8BB5A2BA8F8F"
"ml_backend/training/data/inner_refiner_manifest.example.csv","180","9C44CE5D7775ED162D713C5A61F068FA0AD81ED4733CED86C44CF4E93AF906AF"
"ml_backend/training/data/outer_pose/data.example.yaml","120","D26999EA85B83CF391106511B259EA8F8C7FC7CDB5D74A129080B53E9710222C"
"ml_backend/training/data/outer_seg/data.example.yaml","79","F42ED3EC5C6056B626ACEBFD951E644FBDA9656E0BA4D6B59415F15D9EFF4C7F"
"ml_backend/training/inner/evaluate_refiner.py","15615","20B0CA8DCB7570E9CFB7AC6E6696F5E2C888EC15380B7E265B4DFAE42BC20AEE"
"ml_backend/training/inner/train_refiner.py","20455","424DBCD1722479EC9CF16A7AE532DAE39BCF2069F36B1781331AC92F68833D87"
"ml_backend/training/inner/train_segmentation.py","5478","BAB207DB6393F11915AF3B99FC9D320AB29943FAE4DCA26E84C3654AC9DC780E"
"ml_backend/training/outer/create_outer_pose_replay_dataset.py","4127","031840218BFEE85887C52BD48FA1F5B2600E0681BA57527BFAB7EFACD47CF3ED"
"ml_backend/training/outer/evaluate_outer_pose.py","11347","145211F85F4FC92C5A63E1BD9B3E7B83308CB0D8D3FDD521DF6374327BE4A5C5"
"ml_backend/training/outer/prepare_outer_pose_v2.py","11350","DDE89F60881233FE001EE7519BAD9AB0F13639A59F94A4AE554B8F723A8F489C"
"ml_backend/training/outer/train_line_refiner.py","20575","BE4D8CBE2A078B174A673EE5AACC3BF270179EAAF4E60EDC8C327EE608BB6A86"
"ml_backend/training/outer/train_outer_pose.py","4248","99F1849AD8F49437CEE80159FD39AD49F86580FBB8321E523987D8B193AF9A10"
"ml_backend/training/outer/train_outer_seg.py","6032","1F08BA8321ADAE808CAED9C48E61883E10A4A025589A4C941061B14F44F1A89C"
"platform_app/__init__.py","116","67FC6C79B0D011769F633454A4061078A7AF2BFEFE59B0F227194D3661EE141E"
"platform_app/auto_training.py","54042","8A610BC51B8463440E8E360FBCD7A73243583746D4FF2FBD199AF4CD2E295A00"
"platform_app/database.py","63625","59C1029BA3633F466907CECA9A38B34E8CD51FEDF3745E79BCE8CEDBB7EDE2E5"
"platform_app/http_server.py","27488","72E870C36756F70CA0CEDA86A8B12862C951FDC916F8BE62411029A255457442"
"platform_app/offline_optimizer.py","8757","C0F97543CA923C051CC7CF84BF147722C2A87F8DA576FF2D0A4823581E54F2A8"
"platform_app/reference_registration.py","41151","10F3C7E3C0BEF575326DC5F700EE8EC2AA20DFBC876FD33D6AEBF3358D5D5F1B"
"platform_app/result_exports.py","855","6CA09759DC98BC43816FBFC2DCB93CC861326F3CB2BC23C2DAC3C67E7CAF907F"
"platform_app/service.py","102898","379149FB116FF9652D5749BE9C7E5398C1600D06AF357BE46C57EAB3E8FC9741"
"platform_config.json","289","D63683F3AF3B9C67EEF789FE67B5BD1F12CCDDF366A4A83CC45D578C77CA1044"
"platform_server.py","3086","98780179F6FD3BADED1E2A81B289698CB41D09946A416293F31DFD102FC9E412"
"platform_training_worker.py","1171","B0A992499ECEA8DC66C88BFE374A52B06B5E7DB9483C02DB4906C6453A2BC746"
"README_更新说明与部署步骤_20260813.md","7280","7B177CBD9AD53143CF8D583A72C5A2A72127A4D676EA64DEA14E1123834EE429"
"requirements.txt","102","59DD6023C76A1B73C4D79C9C2E8CF7BFF8BFD63ABFA3767AB1014228BDC252F5"
"requirements-ml.txt","113","530483E3135419BB9952A86B954D5CB59232030848A6F19BB51358607118B1C0"
"schemas/annotations-jsonl.schema.json","979","BA025A82D7A503F7872BBDF135CF4D5EAA5C20436592A897E620ADF3D49ECDEB"
"schemas/label.schema.json","5223","BABB6544C9C489B6F2FE2D7DD8A91440B5B14D0E25AA884945B87478286EF207"
"schemas/studio-config.schema.json","1776","587062C7E2B7785BADD7607F4B968E2ABF1CFB6F50EB4E3A5B30CB12043FB1C1"
"studio/__init__.py","151","A8431B29BA782C0DA373D0E046538B5C59484EC8C0A77224ADA53523197D3F50"
"studio/config.py","5576","D48AF2C89526BFF0C408E2BB1B9FA9D5E863B30371CEC2E46ECA14BF62E49D2F"
"studio/contracts.py","16606","1E4ED5F71ACAC1AD99A236BDCB7A35B10689B2FFBF3E85331288DB893EF4B623"
"studio/errors.py","976","8A5F79C766922C12696ACD38AD92A6F8D54A159C801D3E19862498E2BF00C07E"
"studio/exports.py","22606","8573E236DCDF3F3528951DEDE9CD855CDEB66A78A5A973792455B5DAA7F5A5B3"
"studio/historical_replay.py","18144","DF5BE5412A331C914040E0AFCA341616F3DEA8E418B45CE75EB806E026C52E79"
"studio/http_api.py","24478","868138B8EE8796493EB2013D57059D4B62AE7873FBA8A5242640A90AD9C28053"
"studio/images.py","17107","D6CC4ACD1E9718CA3EE2D375A2259DDBB55C0F26FC93AD55EE8A8D0ACBF35888"
"studio/measurements.py","3927","AE794CE8E1FE3FFE33F41B82779D1BFAACCC0539BA27695841E2AFF74ACF4807"
"studio/ml_feedback.py","1435","5C60819D26887A9C9FF1139C2489706B2C0E33EDF09782335FE0C43AFBB1C3CA"
"studio/ml_prelabel_engine.py","14906","F4BB9BED77870502D0A621321861B40D10CD549270D5BF86B575A8163F2727FA"
"studio/ml_rectification.py","2906","CFE833EC292BDCCCD49A16F38CFEF9EA240F6FA9CF87D0BEB9AE623DE82BDBFE"
"studio/prelabel.py","248","4F2F163AC4F4427B918FBA0FCC8F96A4558B16439C71D3D2FCA3F7F6CD76CAF8"
"studio/security.py","7462","087193147B0FD16A02282779477E141199385409A930DA76FECF52745B7C1F9A"
"studio/store.py","79883","F96D0A4E578E246185E9A3B25D2950B94BF2ECE06FD033091F72FBBF94922D0A"
"studio/training_jobs.py","10711","01A08EAF4545508DD7697060B2DE36747C61CB7F6312C92DAAABA6FF44C089DA"
"studio_config.json","397","0977433BDF6B1A29EE3F19C310832F939D766BFE385F7BE88927E0AABADB72EB"
"tests/test_platform_regressions.py","14566","738DD103DCA750F2B3F49EBA6E38BE31C9CAEF4A85C71A466513E0080E6B1AB5"
"uploads/13d87634bfd5464ca8fbc975eed743b0.jpg","3528480","D5493ED2F32D5EF57531A70FA99ADB3B8A3C5E1A9B7E3AA6F792CE6A8A1CCF7E"
"uploads/2a626c479ca74cc493068dee86e42288.jpg","206666","2BBF60F3218E38CCDCDC15EAE1747D9666A8ED3833A36FF59FD273CA807FAAC7"
"uploads/3329e9404e4841e995eccb72d86b3176.jpg","3747185","C15D3B6B4134A4EBEBE86A06D0786CE161EF638928B571ECDEFABE8EA5115F4F"
"uploads/4f3b4a446780463baf1939fdbda297b8.jpg","206666","2BBF60F3218E38CCDCDC15EAE1747D9666A8ED3833A36FF59FD273CA807FAAC7"
"uploads/bff7790cc9984aeba74a8eb548883696.jpg","3818778","D2294F1E09022841A7A65F469D6642067CB0ACB33E1F5F655436E5A9FAD02DF3"
"uploads/c6a456dc671a499eb2d74e6b98373fae.jpg","3747185","C15D3B6B4134A4EBEBE86A06D0786CE161EF638928B571ECDEFABE8EA5115F4F"
"uploads/e32d74428ac94afa8e0e04662a616bbe.jpg","3528480","D5493ED2F32D5EF57531A70FA99ADB3B8A3C5E1A9B7E3AA6F792CE6A8A1CCF7E"
"uploads/fbbc37c745fb4f698c7b4362fbc5ef5f.jpg","3528480","D5493ED2F32D5EF57531A70FA99ADB3B8A3C5E1A9B7E3AA6F792CE6A8A1CCF7E"
"VERSION","6","AAF6721DC37C40B4233ACCFC081F25776FF3BD1D2A4B9D5CEA760D1C2CF86665"
"web/access.html","2548","7647DC65EE0B9FD77BED9D7034922C2347F6D29C1DA08C5103500DC9BEB7BA90"
"web/admin.html","21578","3ACA6D8DF9297C7B02E16AB5B4BDC896705473DC8E2F48D81635D63B2F38089A"
"web/admin.js","51602","A6F3E12044BC31109E46256E6B585F26BE4A3A2D531DC5026BE1FADA3CA53AF4"
"web/admin_login.html","2638","160EAED7FC2E8FC419E9C14547B15D0528367DAD9DF0DC9E4F46735FB6371EBA"
"web/admin_login.js","1942","F3AFC25BF21F1F8ED1F48044B1B59BE601B1330225899A733B22758B6ACA24D2"
"web/common.js","18963","C19FF82134EA7D70487FAE63D1EC09F66346D8870713357AFD0B1CA3A2A893A2"
"web/enterprise.html","15459","32B5B9DFD683F14BAB4FE985EDDA2575E0BEBEAFA9ABA34E3C731C36703112C9"
"web/enterprise.js","40405","4286FC399B476CB4933BAD7778ED1ACF4AD4CE381B0C324ECB4758FAB3CF2F64"
"web/login.js","1909","2827D1CA643CE469252EC55AA67F0AA7CC18A9E14BB65BC75D044C262595D2B6"
"web/reference_result_view.js","2531","96751D38EA4FD16D61E7AD878F86CFDA048A5B5A2278E74350D1D3CDF9EDBBEA"
"web/styles.css","61444","4714FC12105FD0C28D24EF18F38DF056F517857C5ED2CDB6748E202B8B21DE4D"
